Zone,Variable,Param_mean,Param_var,Param_sd
Ambient,pH,8.036268830217821,0.006535929210881402,0.08084509391967705
Ambient,percent_sgd,0.3073834388118812,0.23798893871619015,0.48784109986366475
Diffuse,pH,8.03547389515108,0.010457554946207715,0.10226218727470929
Diffuse,percent_sgd,1.8315924028489208,7.633959792845239,2.7629621410445058
Offshore,pH,7.987833333333333,0.0017393666666666546,0.04170571503603139
Offshore,percent_sgd,0.2220068905,0.0015860536425203707,0.03982528898225813
Transition,pH,8.035953511042253,0.01281792131587794,0.1132162590614879
Transition,percent_sgd,4.494622202394367,27.17537997436547,5.213001052595853
